{
  "SCHEMA_VERSION": "2.3",
  "APP_NAME": "Paddock Parser Toolkit",
  "INPUT_DIR": "html_input",
  "DEFAULT_OUTPUT_DIR": "output",
  "LOG_FILE": "app.log",
  "TEMPLATE_PADDOCK": "template_paddock.html",
  "HTTP_CLIENT": {
    "REQUEST_TIMEOUT": 20,
    "VERIFY_SSL": false
  },
  "SCRAPER": {
    "ENABLE_FINGERPRINT_ROTATION": true,
    "MAX_RETRIES": 2
  },
  "RACE_FILTERS": {
    "MIN_RUNNERS": 4,
    "MAX_RUNNERS": 6
  },
  "PROXY_VIEWERS": [
    {
      "ENABLED": true,
      "TOOL_URL": "https://codebeautify.org/source-code-viewer?url={target_url}",
      "LINK_TEXT": "Proxy (CodeBeautify)"
    }
  ],
  "FINGERPRINTS": [
    {
        "User-Agent": "Mozilla/5.0 (Windows NT 10.0; Win64; x64) AppleWebKit/537.36 (KHTML, like Gecko) Chrome/120.0.0.0 Safari/537.36",
        "Accept-Language": "en-US,en;q=0.9",
        "Accept": "text/html,application/xhtml+xml,application/xml;q=0.9,image/avif,image/webp,image/apng,*/*;q=0.8",
        "Accept-Encoding": "gzip, deflate, br"
    },
    {
        "User-Agent": "Mozilla/5.0 (Macintosh; Intel Mac OS X 10_15_7) AppleWebKit/537.36 (KHTML, like Gecko) Chrome/120.0.0.0 Safari/537.36",
        "Accept-Language": "en-GB,en;q=0.8",
        "Accept": "text/html,application/xhtml+xml,application/xml;q=0.9,*/*;q=0.8",
        "Accept-Encoding": "gzip, deflate, br"
    }
  ],
  "HTTP_HEADERS": {
    "Accept": "application/json, text/plain, */*",
    "Referer": "https://www.google.com/"
  },
  "DATA_SOURCES_V3": {
    "BetfairDataScientistThoroughbred": {
      "enabled": true,
      "priority": 10,
      "adapter_class": "BetfairDataScientistAdapter",
      "config": {
        "model_name": "kash-ratings-model",
        "url": "https://betfair-data-supplier-prod.herokuapp.com/api/widgets/kash-ratings-model/datasets?date="
      }
    },
    "BetfairDataScientistGreyhound": {
      "enabled": false,
      "priority": 20,
      "adapter_class": "BetfairDataScientistAdapter",
      "comment": "Disabled until the V3 thoroughbred adapter is fully verified.",
      "config": {
        "model_name": "iggy-joey",
        "url": "https://betfair-data-supplier-prod.herokuapp.com/api/widgets/iggy-joey/datasets?date="
      }
    }
  },
  "DATA_SOURCES_V2": {
    "timeform": {
      "enabled": true,
      "url": "https://www.timeform.com/horse-racing/racecards",
      "category": "🌟 Premium Global Sources",
      "comment": "High-value target. Candidate for V3 migration and Playwright integration."
    },
    "attheraces": {
      "enabled": true,
      "url": "https://www.attheraces.com/racecards",
      "category": "🌟 Premium Global Sources"
    },
    "racingtv": {
      "enabled": true,
      "url": "https://www.racingtv.com/racecards",
      "category": "🌟 Premium Global Sources"
    },
    "sportinglife": {
      "enabled": false,
      "url": "https://www.sportinglife.com/api/horse-racing/race?date_start={date_str_iso}&date_end={date_str_iso}",
      "category": "⚙️ High-Value Data Feeds (JSON/API)",
      "comment": "Disabled due to SSL certificate verification failures and a likely defunct API endpoint."
    },
    "skysports": {
        "enabled": true,
        "url": "https://www.skysports.com/racing/racecards",
        "category": "🌟 Premium Global Sources"
    },
    "oddschecker": {
        "enabled": true,
        "url": "https://www.oddschecker.com/horse-racing",
        "category": "🌟 Premium Global Sources"
    },
    "betfair": {
        "enabled": true,
        "url": "https://www.betfair.com/exchange/plus/horse-racing",
        "category": "🌟 Premium Global Sources"
    },
    "horseracingnation": {
        "enabled": true,
        "url": "https://www.horseracingnation.com/entries",
        "category": "🌟 Premium Global Sources"
    },
    "brisnet": {
        "enabled": true,
        "url": "https://www.brisnet.com/racing-and-handicapping/daily-handicapping-selections",
        "category": "🌟 Premium Global Sources"
    },
    "equibase": {
      "enabled": true,
      "url": "https://www.equibase.com/static/entry/index.html?track=list&revid=1",
      "category": "🏆 North American Authorities & ADWs"
    },
    "drf": {
        "enabled": true,
        "url": "https://entries.drf.com/entries",
        "category": "🏆 North American Authorities & ADWs"
    },
    "fanduel": {
        "enabled": true,
        "url": "https://racing.fanduel.com/races",
        "category": "🏆 North American Authorities & ADWs"
    },
    "twinspires": {
        "enabled": true,
        "url": "https://www.twinspires.com/races",
        "category": "🏆 North American Authorities & ADWs"
    },
    "1stbet": {
        "enabled": true,
        "url": "https://1st.com/bet/tracks",
        "category": "🏆 North American Authorities & ADWs"
    },
    "nyrabets": {
        "enabled": true,
        "url": "https://www.nyrabets.com/racing",
        "category": "🏆 North American Authorities & ADWs"
    },
    "xpressbet": {
        "enabled": true,
        "url": "https://www.xpressbet.com/races",
        "category": "🏆 North American Authorities & ADWs"
    },
    "racingpost": {
      "enabled": false,
      "url": "https://www.racingpost.com/racecards/data?race_type=further_races&date={date_str_iso}",
      "category": "⚙️ High-Value Data Feeds (JSON/API)",
      "comment": "Disabled as the V2 adapter is not implemented and the API requires authentication."
    },
    "francegalop": {
        "enabled": true,
        "url": "https://www.france-galop.com/fr/courses/reunions-courses",
        "category": "🇪🇺 European Authorities & Markets"
    },
    "deutschergalopp": {
        "enabled": true,
        "url": "https://www.deutscher-galopp.de/gr/renntage/rennen.php",
        "category": "🇪🇺 European Authorities & Markets"
    },
    "svenskgalopp": {
        "enabled": true,
        "url": "https://www.svenskgalopp.se/starter-och-resultat",
        "category": "🇪🇺 European Authorities & Markets"
    },
    "pmu": {
        "enabled": true,
        "url": "https://www.pmu.fr/turf/",
        "category": "🇪🇺 European Authorities & Markets"
    },
    "tab": {
        "enabled": true,
        "url": "https://www.tab.com.au/racing",
        "category": "🌏 Asia-Pacific & Rest of World"
    },
    "punters": {
        "enabled": true,
        "url": "https://www.punters.com.au/horse-racing-form-guide/",
        "category": "🌏 Asia-Pacific & Rest of World"
    },
    "racingaustralia": {
        "enabled": true,
        "url": "https://racingaustralia.horse/Fields/NationalFields.aspx",
        "category": "🌏 Asia-Pacific & Rest of World"
    },
    "hkjc": {
        "enabled": true,
        "url": "https://racing.hkjc.com/racing/information/English/Racing/RaceCard.aspx",
        "category": "🌏 Asia-Pacific & Rest of World"
    },
    "jra": {
        "enabled": true,
        "url": "https://japanracing.jp/en/racing/result/index.html",
        "category": "🌏 Asia-Pacific & Rest of World"
    },
    "goldcircle": {
        "enabled": true,
        "url": "https://www.goldcircle.co.za/race-cards/",
        "category": "🌏 Asia-Pacific & Rest of World"
    },
    "emiratesracing": {
        "enabled": true,
        "url": "https://emiratesracing.com/race-calendar",
        "category": "🌏 Asia-Pacific & Rest of World"
    },
    "usta": {
        "enabled": true,
        "url": "https://racing.ustrotting.com/goto.aspx?target=entries",
        "category": "🏇 Specialized Disciplines (Harness & Greyhound)"
    },
    "standardbredcanada": {
        "enabled": true,
        "url": "https://www.standardbredcanada.ca/racing/entries",
        "category": "🏇 Specialized Disciplines (Harness & Greyhound)"
    },
    "harnessracingaustralia": {
        "enabled": true,
        "url": "https://www.harness.org.au/racing/fields/",
        "category": "🏇 Specialized Disciplines (Harness & Greyhound)"
    },
    "gbgb": {
        "enabled": true,
        "url": "https://www.gbgb.org.uk/racecards/",
        "category": "🏇 Specialized Disciplines (Harness & Greyhound)"
    },
    "grireland": {
        "enabled": true,
        "url": "https://www.grireland.ie/race-cards/",
        "category": "🏇 Specialized Disciplines (Harness & Greyhound)"
    },
    "thedogs": {
        "enabled": true,
        "url": "https://www.thedogs.com.au/racing/today",
        "category": "🏇 Specialized Disciplines (Harness & Greyhound)"
    },
    "racingandsports": {
        "enabled": true,
        "url": "https://www.racingandsports.com.au/todays-racing-json-v2",
        "category": "⚙️ High-Value Data Feeds (JSON/API)"
    }
  },
  "TIMEZONES": {
    "TRACKS": {
      "assiniboia-downs": "America/Winnipeg",
      "belmont-park": "America/New_York",
      "woodbine": "America/Toronto"
    },
    "COUNTRIES": {
      "GB": "Europe/London",
      "IE": "Europe/Dublin",
      "US": "America/New_York",
      "FR": "Europe/Paris",
      "AU": "Australia/Sydney",
      "CA": "America/Toronto"
    },
    "ABBREVIATIONS": {
      "ET": "America/New_York",
      "CT": "America/Chicago"
    }
  },
  "SCORER_WEIGHTS": {
    "FIELD_SIZE": 0.25,
    "FAVORITE_ODDS": 0.35,
    "ODDS_SPREAD": 0.10,
    "VALUE_VS_SP": 0.30
  },
  "BEST_VALUE_WEIGHTS": {
    "VALUE_ODDS_WEIGHT": 0.6,
    "VALUE_COMPETITIVENESS_WEIGHT": 0.4
  }
}
