{
  "SCHEMA_VERSION": "1.3-mobile",
  "APP_NAME": "Paddock Mobile Alerter",
  "LOG_FILE": "mobile_app.log",
  "HTTP_CLIENT": {
    "REQUEST_TIMEOUT": 30
  },
  "HTTP_HEADERS": {
    "User-Agent": "Mozilla/5.0 (Windows NT 10.0; Win64; x64) AppleWebKit/537.36 (KHTML, like Gecko) Chrome/108.0.0.0 Safari/537.36",
    "Accept": "text/html,application/xhtml+xml,application/xml;q=0.9,image/avif,image/webp,image/apng,*/*;q=0.8,application/signed-exchange;v=b3;q=0.9",
    "Accept-Language": "en-US,en;q=0.9"
  },
  "MONITORING_LOOP": {
    "CHECK_INTERVAL_SECONDS": 900
  },
  "ALERTS": {
    "MINIMUM_SCORE_TO_ALERT": 85.0,
    "STATE_FILE": "daily_alerts.json"
  },
  "Webhook": {
    "enabled": true,
    "host": "0.0.0.0",
    "port": 8765,
    "path": "/trigger"
  },
  "SCORER_WEIGHTS": {
    "FIELD_SIZE_WEIGHT": 0.35, 
    "FAVORITE_ODDS_WEIGHT": 0.45,
    "ODDS_SPREAD_WEIGHT": 0.15, 
    "DATA_QUALITY_WEIGHT": 0.05
  },
  "SOFT_TARGET_SOURCES": [
    {"name": "Timeform (Full Race List)", "url": "https://www.timeform.com/horse-racing/racecards"},
    {"name": "At The Races (UK/IRE)", "url": "https://www.attheraces.com/racecards"},
    {"name": "Racing TV (UK/IRE)", "url": "https://www.racingtv.com/racecards"},
    {"name": "Sporting Life (UK/Global)", "url": "https://www.sportinglife.com/racing/racecards"},
    {"name": "Sky Sports Racing (UK/Global)", "url": "https://www.skysports.com/racing/racecards"},
    {"name": "Equibase Entries (Full List)", "url": "https://www.equibase.com/static/entry/index.html?track=list&revid=1"},
    {"name": "Daily Racing Form (DRF) Entries", "url": "https://entries.drf.com/entries"},
    {"name": "Racing Post (UK/IRE Race Cards)", "url": "https://www.racingpost.com/racecards/"},
    {"name": "RacingAndSports (Global JSON)", "url": "https://www.racingandsports.com.au/todays-racing-json-v2"}
  ]
}